<?xml version="1.0" encoding="UTF-8"?>
<beans xmlns="http://www.springframework.org/schema/beans"     
    xmlns:xsi="http://www.w3.org/2001/XMLSchema-instance"       
    xmlns:context="http://www.springframework.org/schema/context"
    xmlns:mvc="http://www.springframework.org/schema/mvc"
    xsi:schemaLocation="http://www.springframework.org/schema/beans               
           http://www.springframework.org/schema/beans/spring-beans-3.2.xsd      
           http://www.springframework.org/schema/context      
           http://www.springframework.org/schema/context/spring-context-3.2.xsd     
           http://www.springframework.org/schema/mvc      
           http://www.springframework.org/schema/mvc/spring-mvc-3.2.xsd">
           
     <!-- 组件自动扫描 -->      
     <context:component-scan base-package="com.wjliuh.controller"/> 
     
     <!--主要作用于@Controller激活该模式下面是一种简写形式
          它会自动注册DefaultAnnotationHandlerMapping与AnnotationMethodHandlerAdapter，
          是spring MVC为@Controllers分发请求所必须的   -->                      
     <mvc:annotation-driven/>
     

    
     <!-- 配置JSP视图 -->
     <bean id="internalResourceViewResolver" class="org.springframework.web.servlet.view.InternalResourceViewResolver">
     	<property name="viewClass" value="org.springframework.web.servlet.view.JstlView"/>
        <property name="prefix" value="/jsp/"/>
        <property name="suffix" value=".jsp"/>		
        <property name="contentType" value="text/html;charset=UTF-8"/>
        <property name="order" value="1"/>
     </bean>
     
     <!-- 配置JSON视图 -->
    <!-- 避免IE在ajax请求时，返回json出现下载 -->
    <!-- 返回json 方法二 需要导入 jackson-annotations.jar,jackson-core.jar,jackson-databind.jar-->  

    <bean class="org.springframework.web.servlet.mvc.method.annotation.RequestMappingHandlerAdapter">
        <property name="messageConverters">
            <list>
                <bean class="org.springframework.http.converter.StringHttpMessageConverter">
                    <property name="supportedMediaTypes">
                        <list>
                            <value>text/html; charset=UTF-8</value>
                            <value>application/json;charset=UTF-8</value>
                        </list>
                    </property>
                </bean>
                <bean class="org.springframework.http.converter.json.MappingJackson2HttpMessageConverter">
                    <property name="supportedMediaTypes">
                        <list>
                            <value>text/html; charset=UTF-8</value>
                            <value>application/json;charset=UTF-8</value>
                        </list>
                    </property>
                </bean>
            </list>
        </property>
    </bean> 
</beans>