<beans:beans xmlns="http://www.springframework.org/schema/security"
	xmlns:beans="http://www.springframework.org/schema/beans" 
	xmlns:xsi="http://www.w3.org/2001/XMLSchema-instance"
	xsi:schemaLocation="http://www.springframework.org/schema/beans
						http://www.springframework.org/schema/beans/spring-beans-3.2.xsd
						http://www.springframework.org/schema/security
						http://www.springframework.org/schema/security/spring-security-3.2.xsd">
 
	<http auto-config="true">
		<intercept-url pattern="/json**" access="ROLE_ADMIN,ROLE_USER" />
		<intercept-url pattern="/admin**" access="ROLE_ADMIN" />
		<form-login 
			login-page="/login/login.jsp" 
			default-target-url="/resource.jsp"
			authentication-failure-url="/?login=error"
			 />
			
		<logout logout-success-url="/" />
	</http>
 
	<authentication-manager>
		<authentication-provider>
			<!-- <password-encoder hash="md5">
			    <salt-source user-property="email"/>
			</password-encoder> -->
			<jdbc-user-service data-source-ref="dataSource"
				users-by-username-query="select username, password, 1 from user where username = ?" 
				authorities-by-username-query="select u.username, r.role from user u left join role r on u.role_id=r.id where username = ?" 
			/>
		</authentication-provider>
	</authentication-manager>
	
</beans:beans>